{
  "release": "dev",
  "classify": "homeworkOnline",
  "pages": [
    {
      "name": "s3_v2_77线上作业第一题",
      "subviews": [
        {
          "view": "view.game_xszy.Game1",
          "param": "1"
        }
      ],
      "res": [
        {
          "url": "res/atlas/game_xszy/image.atlas"
        },
        {
          "url": "game_xszy/image/bg1.jpg",
          "type": "image"
        },
        {
          "url": "game_xszy/sound/sound1.wav",
          "type": "sound"
        }
      ]
    },
    {
      "name": "s3_v2_77线上作业第二题",
      "subviews": [
        {
          "view": "view.game_xszy.Game2",
          "param": "2"
        }
      ],
      "res": [
        {
          "url": "res/atlas/game_xszy/image.atlas"
        },
        {
          "url": "game_xszy/image/bg1.jpg",
          "type": "image"
        },
        {
          "url": "game_xszy/sound/sound2.wav",
          "type": "sound"
        }
      ]
    },
    {
      "name": "s3_v2_77线上作业第三题",
      "subviews": [
        {
          "view": "view.game_xszy.Game3",
          "param": "3"
        }
      ],
      "res": [
        {
          "url": "res/atlas/game_xszy/image.atlas"
        },
        {
          "url": "game_xszy/image/bg2.jpg",
          "type": "image"
        },
        {
          "url": "game_xszy/sound/sound3.wav",
          "type": "sound"
        }
      ]
    },
    {
      "name": "s3_v2_77线上作业第四题",
      "subviews": [
        {
          "view": "view.game_xszy.Game4",
          "param": "4"
        }
      ],
      "res": [
        {
          "url": "res/atlas/game_xszy/image.atlas"
        },
        {
          "url": "game_xszy/image/bg3.jpg",
          "type": "image"
        },
        {
          "url": "game_xszy/sound/sound4.wav",
          "type": "sound"
        }
      ]
    },
    {
      "name": "s3_v2_77线上作业第五题",
      "subviews": [
        {
          "view": "view.game_xszy.Game5",
          "param": "5"
        }
      ],
      "res": [
        {
          "url": "res/atlas/game_xszy/image.atlas"
        },
        {
          "url": "game_xszy/image/bg4.jpg",
          "type": "image"
        },
        {
          "url": "game_xszy/sound/sound5.wav",
          "type": "sound"
        }
      ]
    },
    {
      "name": "s3_v2_77线上作业第六题",
      "subviews": [
        {
          "view": "view.game_xszy.Game6",
          "param": "6"
        }
      ],
      "res": [
        {
          "url": "res/atlas/game_xszy/image.atlas"
        },
        {
          "url": "game_xszy/image/bg5.jpg",
          "type": "image"
        },
        {
          "url": "game_xszy/sound/sound6.wav",
          "type": "sound"
        }
      ]
    }
  ]
}