{
  "frames": {
    "a5.png": {
      "frame": {
        "x": 0,
        "y": 0,
        "w": 512,
        "h": 81,
        "idx": 0
      },
      "spriteSourceSize": {
        "x": 0,
        "y": 0
      },
      "sourceSize": {
        "w": 512,
        "h": 81
      }
    },
    "a1.png": {
      "frame": {
        "x": 0,
        "y": 83,
        "w": 507,
        "h": 81,
        "idx": 0
      },
      "spriteSourceSize": {
        "x": 0,
        "y": 0
      },
      "sourceSize": {
        "w": 507,
        "h": 81
      }
    },
    "b3.png": {
      "frame": {
        "x": 0,
        "y": 166,
        "w": 512,
        "h": 76,
        "idx": 0
      },
      "spriteSourceSize": {
        "x": 0,
        "y": 0
      },
      "sourceSize": {
        "w": 512,
        "h": 76
      }
    },
    "b4.png": {
      "frame": {
        "x": 0,
        "y": 244,
        "w": 512,
        "h": 76,
        "idx": 0
      },
      "spriteSourceSize": {
        "x": 0,
        "y": 0
      },
      "sourceSize": {
        "w": 512,
        "h": 76
      }
    },
    "b2.png": {
      "frame": {
        "x": 0,
        "y": 322,
        "w": 511,
        "h": 61,
        "idx": 0
      },
      "spriteSourceSize": {
        "x": 0,
        "y": 0
      },
      "sourceSize": {
        "w": 511,
        "h": 61
      }
    },
    "a3.png": {
      "frame": {
        "x": 514,
        "y": 0,
        "w": 183,
        "h": 169,
        "idx": 0
      },
      "spriteSourceSize": {
        "x": 0,
        "y": 0
      },
      "sourceSize": {
        "w": 183,
        "h": 169
      }
    },
    "c1.png": {
      "frame": {
        "x": 0,
        "y": 385,
        "w": 512,
        "h": 56,
        "idx": 0
      },
      "spriteSourceSize": {
        "x": 0,
        "y": 0
      },
      "sourceSize": {
        "w": 512,
        "h": 56
      }
    },
    "d4.png": {
      "frame": {
        "x": 514,
        "y": 171,
        "w": 176,
        "h": 162,
        "idx": 0
      },
      "spriteSourceSize": {
        "x": 0,
        "y": 0
      },
      "sourceSize": {
        "w": 176,
        "h": 162
      }
    },
    "a4.png": {
      "frame": {
        "x": 0,
        "y": 443,
        "w": 270,
        "h": 98,
        "idx": 0
      },
      "spriteSourceSize": {
        "x": 0,
        "y": 0
      },
      "sourceSize": {
        "w": 270,
        "h": 98
      }
    },
    "b1.png": {
      "frame": {
        "x": 272,
        "y": 443,
        "w": 404,
        "h": 61,
        "idx": 0
      },
      "spriteSourceSize": {
        "x": 0,
        "y": 0
      },
      "sourceSize": {
        "w": 404,
        "h": 61
      }
    },
    "fontclip_num1.png": {
      "frame": {
        "x": 272,
        "y": 506,
        "w": 420,
        "h": 56,
        "idx": 0
      },
      "spriteSourceSize": {
        "x": 0,
        "y": 0
      },
      "sourceSize": {
        "w": 420,
        "h": 56
      }
    },
    "c2.png": {
      "frame": {
        "x": 0,
        "y": 543,
        "w": 232,
        "h": 77,
        "idx": 0
      },
      "spriteSourceSize": {
        "x": 0,
        "y": 0
      },
      "sourceSize": {
        "w": 232,
        "h": 77
      }
    },
    "c3.png": {
      "frame": {
        "x": 0,
        "y": 622,
        "w": 232,
        "h": 77,
        "idx": 0
      },
      "spriteSourceSize": {
        "x": 0,
        "y": 0
      },
      "sourceSize": {
        "w": 232,
        "h": 77
      }
    },
    "a2.png": {
      "frame": {
        "x": 234,
        "y": 564,
        "w": 137,
        "h": 123,
        "idx": 0
      },
      "spriteSourceSize": {
        "x": 0,
        "y": 0
      },
      "sourceSize": {
        "w": 137,
        "h": 123
      }
    },
    "e1.png": {
      "frame": {
        "x": 373,
        "y": 564,
        "w": 126,
        "h": 126,
        "idx": 0
      },
      "spriteSourceSize": {
        "x": 0,
        "y": 0
      },
      "sourceSize": {
        "w": 126,
        "h": 126
      }
    },
    "e2.png": {
      "frame": {
        "x": 501,
        "y": 564,
        "w": 126,
        "h": 126,
        "idx": 0
      },
      "spriteSourceSize": {
        "x": 0,
        "y": 0
      },
      "sourceSize": {
        "w": 126,
        "h": 126
      }
    },
    "d3.png": {
      "frame": {
        "x": 514,
        "y": 335,
        "w": 78,
        "h": 74,
        "idx": 0
      },
      "spriteSourceSize": {
        "x": 0,
        "y": 0
      },
      "sourceSize": {
        "w": 78,
        "h": 74
      }
    },
    "e3.png": {
      "frame": {
        "x": 629,
        "y": 564,
        "w": 72,
        "h": 49,
        "idx": 0
      },
      "spriteSourceSize": {
        "x": 0,
        "y": 0
      },
      "sourceSize": {
        "w": 72,
        "h": 49
      }
    },
    "d1.png": {
      "frame": {
        "x": 629,
        "y": 615,
        "w": 50,
        "h": 50,
        "idx": 0
      },
      "spriteSourceSize": {
        "x": 0,
        "y": 0
      },
      "sourceSize": {
        "w": 50,
        "h": 50
      }
    },
    "d2.png": {
      "frame": {
        "x": 629,
        "y": 667,
        "w": 50,
        "h": 34,
        "idx": 0
      },
      "spriteSourceSize": {
        "x": 0,
        "y": 0
      },
      "sourceSize": {
        "w": 50,
        "h": 34
      }
    }
  },
  "meta": {
    "app": "http://www.layabox.com",
    "version": "0.1.0 alpha",
    "format": "json",
    "scale": 1,
    "image": "image.png",
    "prefix": "game_xszy/image/",
    "timestamp": 1590993278
  }
}