{
	"name": "module_config",
	"module": {
		"count_down": {"name": "计时器", "version": "0.4", "enabled": true},
		"music_vol_ctrl": {"name": "背景音量调节", "version": "0.4", "enabled": true},
		"author_prompt": {"name": "授权提示动画", "version": "0.5", "enabled": true},
		"submit_score": {"name": "提交游戏分数", "version": "0.5", "enabled": true},
		"race_answer": {"name": "抢答器", "version": "0.6", "enabled": true},
		"student_draw_tool": {"name": "学生端画笔工具", "version": "0.7", "enabled": true},
		"baby_evaluation": {"name": "宝贝测评", "version": "0.7", "enabled": true},
		"stage_evaluation": {"name": "阶段测评", "version": "0.7", "enabled": true},
		"subject_evaluation": {"name": "专题测评", "version": "0.7", "enabled": true},
		"computing_camp": {"name": "299计算营", "version": "0.7", "enabled": true}
	}
}
