{
	"share/sdk/sdk_baiya2.js": "share/sdk/sdk_baiya2e16b9166.js",
	"android.html": "android60e40443.html",
	"GameLoader.max.html": "GameLoader.maxd578240e.html",
	"GameLoader.max.js": "GameLoader.max700ded3a.js",
	"index.html": "index.html",
	"res/atlas/share/comp.atlas": "res/atlas/share/compbbf25d04.atlas",
	"res/atlas/share/comp.png": "res/atlas/share/compcpd93a582c.png",
	"res/atlas/share/pithink_ui.atlas": "res/atlas/share/pithink_ui1876508e.atlas",
	"res/atlas/share/pithink_ui.png": "res/atlas/share/pithink_uicpf713d7bc.png",
	"res/atlas/share/ui.atlas": "res/atlas/share/ui65f7a088.atlas",
	"res/atlas/share/ui.png": "res/atlas/share/uif4ed72fc.png",
	"share/animation/answerRace.png": "share/animation/answerRacecp427d2f8f.png",
	"share/animation/answerRace.sk": "share/animation/answerRacecd480ce1.sk",
	"share/animation/examFeedback.png": "share/animation/examFeedbackcp4013363f.png",
	"share/animation/examFeedback.sk": "share/animation/examFeedback2219b45a.sk",
	"share/animation/faculty.png": "share/animation/facultycpfdb10b08.png",
	"share/animation/faculty.sk": "share/animation/faculty7493bcf0.sk",
	"share/animation/huo_de_chong_wu.png": "share/animation/huo_de_chong_wucpb1edcd60.png",
	"share/animation/huo_de_chong_wu.sk": "share/animation/huo_de_chong_wu5ce8430e.sk",
	"share/animation/Huo_de_feng_shu.png": "share/animation/Huo_de_feng_shucp60e08d45.png",
	"share/animation/Huo_de_feng_shu.sk": "share/animation/Huo_de_feng_shu4c25d0a2.sk",
	"share/animation/ledi_author.png": "share/animation/ledi_authorcpf40916bc.png",
	"share/animation/ledi_author.sk": "share/animation/ledi_author74d2fede.sk",
	"share/animation/loading.png": "share/animation/loadingcped64b1d6.png",
	"share/animation/loading.sk": "share/animation/loading3eb97140.sk",
	"share/animation/ok_no_face.png": "share/animation/ok_no_facecp728e0d80.png",
	"share/animation/ok_no_face.sk": "share/animation/ok_no_face80395bb8.sk",
	"share/animation/park.mp4": "share/animation/park6c38fe57.mp4",
	"share/animation/receiveStar.png": "share/animation/receiveStarcp58a572ce.png",
	"share/animation/receiveStar.sk": "share/animation/receiveStar2da07d7d.sk",
	"share/animation/timeOut.png": "share/animation/timeOutcpa63be43b.png",
	"share/animation/timeOut.sk": "share/animation/timeOute9b89429.sk",
	"share/bg_1.jpg": "share/bg_1cpef435170.png",
	"share/global_config.json": "share/global_configd5c6f10f.json",
	"share/label.json": "share/labela7777ff0.json",
	"share/record_last_bg.jpg": "share/record_last_bgcp5e81383e.jpg",
	"share/sdk/sdk_baiya.js": "share/sdk/sdk_baiya63138612.js",
	"share/sound/1.wav": "share/sound/173462a10.wav",
	"share/sound/2.wav": "share/sound/2c5363782.wav",
	"share/sound/3.wav": "share/sound/3c16894d3.wav",
	"share/sound/answerRace_boom.wav": "share/sound/answerRace_boomacb400a6.wav",
	"share/sound/anwser_right.wav": "share/sound/anwser_right9e6e606a.wav",
	"share/sound/anwser_wrong.wav": "share/sound/anwser_wrongbd7fb11c.wav",
	"share/sound/bgm_normal.mp3": "share/sound/bgm_normaldc61c52c.mp3",
	"share/sound/btn_click.wav": "share/sound/btn_click809fea9b.wav",
	"share/sound/catch.wav": "share/sound/catch45572c14.wav",
	"share/sound/evaluation_complete.wav": "share/sound/evaluation_completecf66d2f4.wav",
	"share/sound/evaluation_jump.wav": "share/sound/evaluation_jumpbc891c93.wav",
	"share/sound/examFeedback1.wav": "share/sound/examFeedback14a5b1f07.wav",
	"share/sound/examFeedback2.wav": "share/sound/examFeedback2220b3ce6.wav",
	"share/sound/examFeedback3.wav": "share/sound/examFeedback342af4896.wav",
	"share/sound/examFeedback4.wav": "share/sound/examFeedback4fa1daebe.wav",
	"share/sound/faculty.wav": "share/sound/facultybf9e3683.wav",
	"share/sound/fckxjtkyhxpyyqwcrw.wav": "share/sound/fckxjtkyhxpyyqwcrwd634931a.wav",
	"share/sound/go.wav": "share/sound/go25744b23.wav",
	"share/sound/nzstbl.wav": "share/sound/nzstbldc6ea392.wav",
	"share/sound/oywcl.wav": "share/sound/oywcl39c8520f.wav",
	"share/sound/park_wrong.wav": "share/sound/park_wrong3943deb6.wav",
	"share/sound/preview_wrong.wav": "share/sound/preview_wrong0958178a.wav",
	"share/sound/receiveStars.wav": "share/sound/receiveStars40a8e402.wav",
	"share/sound/record_last_level.wav": "share/sound/record_last_levelfe7dc17e.wav",
	"share/sound/slyx.wav": "share/sound/slyx7b08c434.wav",
	"share/sound/timeout.wav": "share/sound/timeout6562d569.wav",
	"share/sound/timeout_next.wav": "share/sound/timeout_nextcc671f23.wav",
	"share/sound/woxdmx.wav": "share/sound/woxdmx20d730d4.wav",
	"share/sound/you_act.wav": "share/sound/you_actc160f71f.wav",
	"share/sound/you_draw.wav": "share/sound/you_drawfb5780a7.wav",
	"share/animation/txktexiao.png": "share/animation/txktexiaoc53daf8c.png",
	"share/animation/txktexiao.sk": "share/animation/txktexiao01c6ecec.sk",
	"share/sound/clockTrain_complete.wav": "share/sound/clockTrain_completec9604b6e.wav",
	"share/ui/0-9-fuhao_0_p.png": "share/ui/0-9-fuhao_0_p61c5f5b4.png",
	"share/ui/0-9-fuhao_1_p.png": "share/ui/0-9-fuhao_1_p5292ac74.png",
	"share/fonts/huakang.ttf": "share/fonts/huakang.ttf",
	"res/atlas/share/newkb/s1_3/blue/0.png": "res/atlas/share/newkb/s1_3/blue/0e08c8d05.png",
	"res/atlas/share/newkb/s1_3/blue/1.png": "res/atlas/share/newkb/s1_3/blue/1629c6c19.png",
	"res/atlas/share/newkb/s1_3/blue/2.png": "res/atlas/share/newkb/s1_3/blue/2e60f16a7.png",
	"res/atlas/share/newkb/s1_3/blue/3.png": "res/atlas/share/newkb/s1_3/blue/32da4c56f.png",
	"res/atlas/share/newkb/s1_3/blue/4.png": "res/atlas/share/newkb/s1_3/blue/44e29fd1d.png",
	"res/atlas/share/newkb/s1_3/blue/5.png": "res/atlas/share/newkb/s1_3/blue/5ffc06377.png",
	"res/atlas/share/newkb/s1_3/blue/6.png": "res/atlas/share/newkb/s1_3/blue/60ab0735e.png",
	"res/atlas/share/newkb/s1_3/blue/7.png": "res/atlas/share/newkb/s1_3/blue/70645b79e.png",
	"res/atlas/share/newkb/s1_3/blue/8.png": "res/atlas/share/newkb/s1_3/blue/80b0e4a41.png",
	"res/atlas/share/newkb/s1_3/blue/9.png": "res/atlas/share/newkb/s1_3/blue/9d9fe2642.png",
	"res/atlas/share/newkb/s1_3/blue/arrow1.png": "res/atlas/share/newkb/s1_3/blue/arrow12160465b.png",
	"res/atlas/share/newkb/s1_3/blue/arrow2.png": "res/atlas/share/newkb/s1_3/blue/arrow26d25819c.png",
	"res/atlas/share/newkb/s1_3/blue/btn1.png": "res/atlas/share/newkb/s1_3/blue/btn1287880b8.png",
	"res/atlas/share/newkb/s1_3/blue/btn2.png": "res/atlas/share/newkb/s1_3/blue/btn2ad978aba.png",
	"res/atlas/share/newkb/s1_3/blue/dayu.png": "res/atlas/share/newkb/s1_3/blue/dayucf428033.png",
	"res/atlas/share/newkb/s1_3/blue/dengyu.png": "res/atlas/share/newkb/s1_3/blue/dengyuf7d7c890.png",
	"res/atlas/share/newkb/s1_3/blue/jia.png": "res/atlas/share/newkb/s1_3/blue/jia32f756a5.png",
	"res/atlas/share/newkb/s1_3/blue/jian.png": "res/atlas/share/newkb/s1_3/blue/jian885c6779.png",
	"res/atlas/share/newkb/s1_3/blue/kuang1.png": "res/atlas/share/newkb/s1_3/blue/kuang1837b8884.png",
	"res/atlas/share/newkb/s1_3/blue/kuang2.png": "res/atlas/share/newkb/s1_3/blue/kuang2f62cf1b7.png",
	"res/atlas/share/newkb/s1_3/blue/ruber1.png": "res/atlas/share/newkb/s1_3/blue/ruber1eb8af290.png",
	"res/atlas/share/newkb/s1_3/blue/ruber2.png": "res/atlas/share/newkb/s1_3/blue/ruber20df24e23.png",
	"res/atlas/share/newkb/s1_3/blue/ruber3.png": "res/atlas/share/newkb/s1_3/blue/ruber37e11bc38.png",
	"res/atlas/share/newkb/s1_3/blue/ruber4.png": "res/atlas/share/newkb/s1_3/blue/ruber4da0f31d1.png",
	"res/atlas/share/newkb/s1_3/blue/xiaoyu.png": "res/atlas/share/newkb/s1_3/blue/xiaoyu2452d30b.png",
	"res/atlas/share/newkb/s1_3/red/0.png": "res/atlas/share/newkb/s1_3/red/0319ca078.png",
	"res/atlas/share/newkb/s1_3/red/1.png": "res/atlas/share/newkb/s1_3/red/16caf3eae.png",
	"res/atlas/share/newkb/s1_3/red/2.png": "res/atlas/share/newkb/s1_3/red/28284614a.png",
	"res/atlas/share/newkb/s1_3/red/3.png": "res/atlas/share/newkb/s1_3/red/381bbb5db.png",
	"res/atlas/share/newkb/s1_3/red/4.png": "res/atlas/share/newkb/s1_3/red/47f875fd4.png",
	"res/atlas/share/newkb/s1_3/red/5.png": "res/atlas/share/newkb/s1_3/red/513167145.png",
	"res/atlas/share/newkb/s1_3/red/6.png": "res/atlas/share/newkb/s1_3/red/639bbef0d.png",
	"res/atlas/share/newkb/s1_3/red/7.png": "res/atlas/share/newkb/s1_3/red/7a159433e.png",
	"res/atlas/share/newkb/s1_3/red/8.png": "res/atlas/share/newkb/s1_3/red/8958f99ca.png",
	"res/atlas/share/newkb/s1_3/red/9.png": "res/atlas/share/newkb/s1_3/red/9ce7031ba.png",
	"res/atlas/share/newkb/s1_3/red/arrow1.png": "res/atlas/share/newkb/s1_3/red/arrow1d158ce22.png",
	"res/atlas/share/newkb/s1_3/red/arrow2.png": "res/atlas/share/newkb/s1_3/red/arrow2c1e17c65.png",
	"res/atlas/share/newkb/s1_3/red/btn1.png": "res/atlas/share/newkb/s1_3/red/btn16562ac3b.png",
	"res/atlas/share/newkb/s1_3/red/btn2.png": "res/atlas/share/newkb/s1_3/red/btn29cd5abdd.png",
	"res/atlas/share/newkb/s1_3/red/dayu.png": "res/atlas/share/newkb/s1_3/red/dayub56a78f1.png",
	"res/atlas/share/newkb/s1_3/red/dengyu.png": "res/atlas/share/newkb/s1_3/red/dengyua21743a1.png",
	"res/atlas/share/newkb/s1_3/red/jia.png": "res/atlas/share/newkb/s1_3/red/jia6880529f.png",
	"res/atlas/share/newkb/s1_3/red/jian.png": "res/atlas/share/newkb/s1_3/red/jianb8b55250.png",
	"res/atlas/share/newkb/s1_3/red/kuang1.png": "res/atlas/share/newkb/s1_3/red/kuang174e77aa7.png",
	"res/atlas/share/newkb/s1_3/red/kuang2.png": "res/atlas/share/newkb/s1_3/red/kuang2d425f6eb.png",
	"res/atlas/share/newkb/s1_3/red/ruber1.png": "res/atlas/share/newkb/s1_3/red/ruber15f75d6b8.png",
	"res/atlas/share/newkb/s1_3/red/ruber2.png": "res/atlas/share/newkb/s1_3/red/ruber22a3421bc.png",
	"res/atlas/share/newkb/s1_3/red/ruber3.png": "res/atlas/share/newkb/s1_3/red/ruber3b341ed4d.png",
	"res/atlas/share/newkb/s1_3/red/ruber4.png": "res/atlas/share/newkb/s1_3/red/ruber4918080d0.png",
	"res/atlas/share/newkb/s1_3/red/xiaoyu.png": "res/atlas/share/newkb/s1_3/red/xiaoyuc530fbba.png",
	"res/atlas/share/newkb/s1_3/yellow/0.png": "res/atlas/share/newkb/s1_3/yellow/07fc3f793.png",
	"res/atlas/share/newkb/s1_3/yellow/1.png": "res/atlas/share/newkb/s1_3/yellow/14dce9047.png",
	"res/atlas/share/newkb/s1_3/yellow/2.png": "res/atlas/share/newkb/s1_3/yellow/2fade0a1a.png",
	"res/atlas/share/newkb/s1_3/yellow/3.png": "res/atlas/share/newkb/s1_3/yellow/3acdc7726.png",
	"res/atlas/share/newkb/s1_3/yellow/4.png": "res/atlas/share/newkb/s1_3/yellow/495b4f6ff.png",
	"res/atlas/share/newkb/s1_3/yellow/5.png": "res/atlas/share/newkb/s1_3/yellow/503236968.png",
	"res/atlas/share/newkb/s1_3/yellow/6.png": "res/atlas/share/newkb/s1_3/yellow/6a90aaeda.png",
	"res/atlas/share/newkb/s1_3/yellow/7.png": "res/atlas/share/newkb/s1_3/yellow/75379894e.png",
	"res/atlas/share/newkb/s1_3/yellow/8.png": "res/atlas/share/newkb/s1_3/yellow/8e09dce43.png",
	"res/atlas/share/newkb/s1_3/yellow/9.png": "res/atlas/share/newkb/s1_3/yellow/97835064c.png",
	"res/atlas/share/newkb/s1_3/yellow/arrow1.png": "res/atlas/share/newkb/s1_3/yellow/arrow19560f804.png",
	"res/atlas/share/newkb/s1_3/yellow/arrow2.png": "res/atlas/share/newkb/s1_3/yellow/arrow2f6a86980.png",
	"res/atlas/share/newkb/s1_3/yellow/btn1.png": "res/atlas/share/newkb/s1_3/yellow/btn10ccfa3b3.png",
	"res/atlas/share/newkb/s1_3/yellow/btn2.png": "res/atlas/share/newkb/s1_3/yellow/btn25872bc3e.png",
	"res/atlas/share/newkb/s1_3/yellow/dayu.png": "res/atlas/share/newkb/s1_3/yellow/dayud1f2b82a.png",
	"res/atlas/share/newkb/s1_3/yellow/dengyu.png": "res/atlas/share/newkb/s1_3/yellow/dengyu67fa22be.png",
	"res/atlas/share/newkb/s1_3/yellow/jia.png": "res/atlas/share/newkb/s1_3/yellow/jiaba0ecefc.png",
	"res/atlas/share/newkb/s1_3/yellow/jian.png": "res/atlas/share/newkb/s1_3/yellow/jianfe434c15.png",
	"res/atlas/share/newkb/s1_3/yellow/kuang1.png": "res/atlas/share/newkb/s1_3/yellow/kuang1a232a10b.png",
	"res/atlas/share/newkb/s1_3/yellow/kuang2.png": "res/atlas/share/newkb/s1_3/yellow/kuang2af3f511e.png",
	"res/atlas/share/newkb/s1_3/yellow/ruber1.png": "res/atlas/share/newkb/s1_3/yellow/ruber169a7857c.png",
	"res/atlas/share/newkb/s1_3/yellow/ruber2.png": "res/atlas/share/newkb/s1_3/yellow/ruber2bace6615.png",
	"res/atlas/share/newkb/s1_3/yellow/ruber3.png": "res/atlas/share/newkb/s1_3/yellow/ruber34c7b60a3.png",
	"res/atlas/share/newkb/s1_3/yellow/ruber4.png": "res/atlas/share/newkb/s1_3/yellow/ruber40229cf75.png",
	"res/atlas/share/newkb/s1_3/yellow/xiaoyu.png": "res/atlas/share/newkb/s1_3/yellow/xiaoyue1a240be.png",
	"res/atlas/share/newkb/s4_6/blue/01.png": "res/atlas/share/newkb/s4_6/blue/0165909aa5.png",
	"res/atlas/share/newkb/s4_6/blue/02.png": "res/atlas/share/newkb/s4_6/blue/0279a58397.png",
	"res/atlas/share/newkb/s4_6/blue/11.png": "res/atlas/share/newkb/s4_6/blue/111e5b7b04.png",
	"res/atlas/share/newkb/s4_6/blue/12.png": "res/atlas/share/newkb/s4_6/blue/1247ad226d.png",
	"res/atlas/share/newkb/s4_6/blue/21.png": "res/atlas/share/newkb/s4_6/blue/218877cead.png",
	"res/atlas/share/newkb/s4_6/blue/22.png": "res/atlas/share/newkb/s4_6/blue/228348fb9e.png",
	"res/atlas/share/newkb/s4_6/blue/31.png": "res/atlas/share/newkb/s4_6/blue/3197b3bf10.png",
	"res/atlas/share/newkb/s4_6/blue/32.png": "res/atlas/share/newkb/s4_6/blue/32edd5437c.png",
	"res/atlas/share/newkb/s4_6/blue/41.png": "res/atlas/share/newkb/s4_6/blue/4186721673.png",
	"res/atlas/share/newkb/s4_6/blue/42.png": "res/atlas/share/newkb/s4_6/blue/42a5186a84.png",
	"res/atlas/share/newkb/s4_6/blue/51.png": "res/atlas/share/newkb/s4_6/blue/51e2732233.png",
	"res/atlas/share/newkb/s4_6/blue/52.png": "res/atlas/share/newkb/s4_6/blue/52fe38831e.png",
	"res/atlas/share/newkb/s4_6/blue/61.png": "res/atlas/share/newkb/s4_6/blue/613dddfeb1.png",
	"res/atlas/share/newkb/s4_6/blue/62.png": "res/atlas/share/newkb/s4_6/blue/62d16bf63f.png",
	"res/atlas/share/newkb/s4_6/blue/71.png": "res/atlas/share/newkb/s4_6/blue/71a2f86474.png",
	"res/atlas/share/newkb/s4_6/blue/72.png": "res/atlas/share/newkb/s4_6/blue/7270d4e379.png",
	"res/atlas/share/newkb/s4_6/blue/81.png": "res/atlas/share/newkb/s4_6/blue/81a62c5829.png",
	"res/atlas/share/newkb/s4_6/blue/82.png": "res/atlas/share/newkb/s4_6/blue/8269a93c68.png",
	"res/atlas/share/newkb/s4_6/blue/91.png": "res/atlas/share/newkb/s4_6/blue/91f6de7c8d.png",
	"res/atlas/share/newkb/s4_6/blue/92.png": "res/atlas/share/newkb/s4_6/blue/92b0bbf643.png",
	"res/atlas/share/newkb/s4_6/blue/ao.png": "res/atlas/share/newkb/s4_6/blue/ao5853cfd3.png",
	"res/atlas/share/newkb/s4_6/blue/arrow.png": "res/atlas/share/newkb/s4_6/blue/arrow1ff6d5d4.png",
	"res/atlas/share/newkb/s4_6/blue/btn1.png": "res/atlas/share/newkb/s4_6/blue/btn1b1a6f7f0.png",
	"res/atlas/share/newkb/s4_6/blue/btn2.png": "res/atlas/share/newkb/s4_6/blue/btn2bbc1d1f9.png",
	"res/atlas/share/newkb/s4_6/blue/cheng1.png": "res/atlas/share/newkb/s4_6/blue/cheng127822471.png",
	"res/atlas/share/newkb/s4_6/blue/cheng2.png": "res/atlas/share/newkb/s4_6/blue/cheng2737d5f53.png",
	"res/atlas/share/newkb/s4_6/blue/chu1.png": "res/atlas/share/newkb/s4_6/blue/chu1d65ae8ac.png",
	"res/atlas/share/newkb/s4_6/blue/chu2.png": "res/atlas/share/newkb/s4_6/blue/chu26804fef1.png",
	"res/atlas/share/newkb/s4_6/blue/dayu1.png": "res/atlas/share/newkb/s4_6/blue/dayu15691b3e2.png",
	"res/atlas/share/newkb/s4_6/blue/dayu2.png": "res/atlas/share/newkb/s4_6/blue/dayu2214a4fd7.png",
	"res/atlas/share/newkb/s4_6/blue/del1.png": "res/atlas/share/newkb/s4_6/blue/del189d1a35d.png",
	"res/atlas/share/newkb/s4_6/blue/del2.png": "res/atlas/share/newkb/s4_6/blue/del2607b747c.png",
	"res/atlas/share/newkb/s4_6/blue/dengyu1.png": "res/atlas/share/newkb/s4_6/blue/dengyu1e23cc912.png",
	"res/atlas/share/newkb/s4_6/blue/dengyu2.png": "res/atlas/share/newkb/s4_6/blue/dengyu234ae3362.png",
	"res/atlas/share/newkb/s4_6/blue/dian1.png": "res/atlas/share/newkb/s4_6/blue/dian13be7d54d.png",
	"res/atlas/share/newkb/s4_6/blue/dian2.png": "res/atlas/share/newkb/s4_6/blue/dian21407fbac.png",
	"res/atlas/share/newkb/s4_6/blue/jia1.png": "res/atlas/share/newkb/s4_6/blue/jia1d16511bd.png",
	"res/atlas/share/newkb/s4_6/blue/jia2.png": "res/atlas/share/newkb/s4_6/blue/jia262189004.png",
	"res/atlas/share/newkb/s4_6/blue/jian1.png": "res/atlas/share/newkb/s4_6/blue/jian1d8a66dfd.png",
	"res/atlas/share/newkb/s4_6/blue/jian2.png": "res/atlas/share/newkb/s4_6/blue/jian2a7ec2aea.png",
	"res/atlas/share/newkb/s4_6/blue/kb.png": "res/atlas/share/newkb/s4_6/blue/kb421a9bf7.png",
	"res/atlas/share/newkb/s4_6/blue/kuang.png": "res/atlas/share/newkb/s4_6/blue/kuangd58cabd2.png",
	"res/atlas/share/newkb/s4_6/blue/kuang2.png": "res/atlas/share/newkb/s4_6/blue/kuang2a4fd604e.png",
	"res/atlas/share/newkb/s4_6/blue/kuoyou1.png": "res/atlas/share/newkb/s4_6/blue/kuoyou1fd0aca5f.png",
	"res/atlas/share/newkb/s4_6/blue/kuoyou2.png": "res/atlas/share/newkb/s4_6/blue/kuoyou22e7d4bfc.png",
	"res/atlas/share/newkb/s4_6/blue/kuozuo1.png": "res/atlas/share/newkb/s4_6/blue/kuozuo12675d493.png",
	"res/atlas/share/newkb/s4_6/blue/kuozuo2.png": "res/atlas/share/newkb/s4_6/blue/kuozuo2c7a21271.png",
	"res/atlas/share/newkb/s4_6/blue/ruber1.png": "res/atlas/share/newkb/s4_6/blue/ruber1ed47aef2.png",
	"res/atlas/share/newkb/s4_6/blue/ruber2.png": "res/atlas/share/newkb/s4_6/blue/ruber22283b08e.png",
	"res/atlas/share/newkb/s4_6/blue/xiaoyu1.png": "res/atlas/share/newkb/s4_6/blue/xiaoyu196990d31.png",
	"res/atlas/share/newkb/s4_6/blue/xiaoyu2.png": "res/atlas/share/newkb/s4_6/blue/xiaoyu2a9244393.png",
	"res/atlas/share/newkb/s4_6/yellow/01.png": "res/atlas/share/newkb/s4_6/yellow/018e5fbfa7.png",
	"res/atlas/share/newkb/s4_6/yellow/02.png": "res/atlas/share/newkb/s4_6/yellow/029e97f0bf.png",
	"res/atlas/share/newkb/s4_6/yellow/11.png": "res/atlas/share/newkb/s4_6/yellow/1133eb4c3f.png",
	"res/atlas/share/newkb/s4_6/yellow/12.png": "res/atlas/share/newkb/s4_6/yellow/12f3785ea8.png",
	"res/atlas/share/newkb/s4_6/yellow/21.png": "res/atlas/share/newkb/s4_6/yellow/2175ee6969.png",
	"res/atlas/share/newkb/s4_6/yellow/22.png": "res/atlas/share/newkb/s4_6/yellow/222cd2efa0.png",
	"res/atlas/share/newkb/s4_6/yellow/31.png": "res/atlas/share/newkb/s4_6/yellow/3109b8cc0a.png",
	"res/atlas/share/newkb/s4_6/yellow/32.png": "res/atlas/share/newkb/s4_6/yellow/32503211a1.png",
	"res/atlas/share/newkb/s4_6/yellow/41.png": "res/atlas/share/newkb/s4_6/yellow/41a520c061.png",
	"res/atlas/share/newkb/s4_6/yellow/42.png": "res/atlas/share/newkb/s4_6/yellow/42d8edf2ad.png",
	"res/atlas/share/newkb/s4_6/yellow/51.png": "res/atlas/share/newkb/s4_6/yellow/515cad476c.png",
	"res/atlas/share/newkb/s4_6/yellow/52.png": "res/atlas/share/newkb/s4_6/yellow/522fafa72e.png",
	"res/atlas/share/newkb/s4_6/yellow/61.png": "res/atlas/share/newkb/s4_6/yellow/6131d2339e.png",
	"res/atlas/share/newkb/s4_6/yellow/62.png": "res/atlas/share/newkb/s4_6/yellow/6292f6b22d.png",
	"res/atlas/share/newkb/s4_6/yellow/71.png": "res/atlas/share/newkb/s4_6/yellow/71ad329ccc.png",
	"res/atlas/share/newkb/s4_6/yellow/72.png": "res/atlas/share/newkb/s4_6/yellow/7293d2e69d.png",
	"res/atlas/share/newkb/s4_6/yellow/81.png": "res/atlas/share/newkb/s4_6/yellow/8123c734f0.png",
	"res/atlas/share/newkb/s4_6/yellow/82.png": "res/atlas/share/newkb/s4_6/yellow/826a1a510e.png",
	"res/atlas/share/newkb/s4_6/yellow/91.png": "res/atlas/share/newkb/s4_6/yellow/91c88f3d61.png",
	"res/atlas/share/newkb/s4_6/yellow/92.png": "res/atlas/share/newkb/s4_6/yellow/92aee52eb3.png",
	"res/atlas/share/newkb/s4_6/yellow/ao.png": "res/atlas/share/newkb/s4_6/yellow/ao59412f7f.png",
	"res/atlas/share/newkb/s4_6/yellow/arrow.png": "res/atlas/share/newkb/s4_6/yellow/arrow3465ca71.png",
	"res/atlas/share/newkb/s4_6/yellow/btn1.png": "res/atlas/share/newkb/s4_6/yellow/btn1ec05988a.png",
	"res/atlas/share/newkb/s4_6/yellow/btn2.png": "res/atlas/share/newkb/s4_6/yellow/btn22d3e1663.png",
	"res/atlas/share/newkb/s4_6/yellow/cheng1.png": "res/atlas/share/newkb/s4_6/yellow/cheng1c95d92ca.png",
	"res/atlas/share/newkb/s4_6/yellow/cheng2.png": "res/atlas/share/newkb/s4_6/yellow/cheng2f8c5179f.png",
	"res/atlas/share/newkb/s4_6/yellow/chu1.png": "res/atlas/share/newkb/s4_6/yellow/chu1a417f592.png",
	"res/atlas/share/newkb/s4_6/yellow/chu2.png": "res/atlas/share/newkb/s4_6/yellow/chu29f110061.png",
	"res/atlas/share/newkb/s4_6/yellow/dayu1.png": "res/atlas/share/newkb/s4_6/yellow/dayu121dc201e.png",
	"res/atlas/share/newkb/s4_6/yellow/dayu2.png": "res/atlas/share/newkb/s4_6/yellow/dayu26677926e.png",
	"res/atlas/share/newkb/s4_6/yellow/del1.png": "res/atlas/share/newkb/s4_6/yellow/del1bc685bec.png",
	"res/atlas/share/newkb/s4_6/yellow/del2.png": "res/atlas/share/newkb/s4_6/yellow/del2442fea99.png",
	"res/atlas/share/newkb/s4_6/yellow/dengyu1.png": "res/atlas/share/newkb/s4_6/yellow/dengyu15c46cbe9.png",
	"res/atlas/share/newkb/s4_6/yellow/dengyu2.png": "res/atlas/share/newkb/s4_6/yellow/dengyu215dd4f21.png",
	"res/atlas/share/newkb/s4_6/yellow/dian1.png": "res/atlas/share/newkb/s4_6/yellow/dian1beef7925.png",
	"res/atlas/share/newkb/s4_6/yellow/dian2.png": "res/atlas/share/newkb/s4_6/yellow/dian220703ab7.png",
	"res/atlas/share/newkb/s4_6/yellow/jia1.png": "res/atlas/share/newkb/s4_6/yellow/jia11048487b.png",
	"res/atlas/share/newkb/s4_6/yellow/jia2.png": "res/atlas/share/newkb/s4_6/yellow/jia2930a3597.png",
	"res/atlas/share/newkb/s4_6/yellow/jian1.png": "res/atlas/share/newkb/s4_6/yellow/jian1916cf0f6.png",
	"res/atlas/share/newkb/s4_6/yellow/jian2.png": "res/atlas/share/newkb/s4_6/yellow/jian25c39bbef.png",
	"res/atlas/share/newkb/s4_6/yellow/kb.png": "res/atlas/share/newkb/s4_6/yellow/kb194ed3c7.png",
	"res/atlas/share/newkb/s4_6/yellow/kuang.png": "res/atlas/share/newkb/s4_6/yellow/kuang45b207a0.png",
	"res/atlas/share/newkb/s4_6/yellow/kuang2.png": "res/atlas/share/newkb/s4_6/yellow/kuang2d2b13722.png",
	"res/atlas/share/newkb/s4_6/yellow/kuoyou1.png": "res/atlas/share/newkb/s4_6/yellow/kuoyou1c22418a2.png",
	"res/atlas/share/newkb/s4_6/yellow/kuoyou2.png": "res/atlas/share/newkb/s4_6/yellow/kuoyou201a2305b.png",
	"res/atlas/share/newkb/s4_6/yellow/kuozuo1.png": "res/atlas/share/newkb/s4_6/yellow/kuozuo142857510.png",
	"res/atlas/share/newkb/s4_6/yellow/kuozuo2.png": "res/atlas/share/newkb/s4_6/yellow/kuozuo281f53e61.png",
	"res/atlas/share/newkb/s4_6/yellow/ruber1.png": "res/atlas/share/newkb/s4_6/yellow/ruber128f4c5bb.png",
	"res/atlas/share/newkb/s4_6/yellow/ruber2.png": "res/atlas/share/newkb/s4_6/yellow/ruber248bde5f1.png",
	"res/atlas/share/newkb/s4_6/yellow/xiaoyu1.png": "res/atlas/share/newkb/s4_6/yellow/xiaoyu1f5a75e14.png",
	"res/atlas/share/newkb/s4_6/yellow/xiaoyu2.png": "res/atlas/share/newkb/s4_6/yellow/xiaoyu2d317a313.png",
	"res/atlas/share/ui/newkb/s1_3/blue.atlas": "res/atlas/share/ui/newkb/s1_3/bluef6a8bb35.atlas",
	"res/atlas/share/ui/newkb/s1_3/blue.png": "res/atlas/share/ui/newkb/s1_3/blue2d00ebd9.png",
	"res/atlas/share/ui/newkb/s1_3/red.atlas": "res/atlas/share/ui/newkb/s1_3/red76b635fb.atlas",
	"res/atlas/share/ui/newkb/s1_3/red.png": "res/atlas/share/ui/newkb/s1_3/red617af68e.png",
	"res/atlas/share/ui/newkb/s1_3/yellow.atlas": "res/atlas/share/ui/newkb/s1_3/yellow4324955c.atlas",
	"res/atlas/share/ui/newkb/s1_3/yellow.png": "res/atlas/share/ui/newkb/s1_3/yellow05658722.png",
	"res/atlas/share/ui/newkb/s4_6/blue.atlas": "res/atlas/share/ui/newkb/s4_6/blue4b3b9f03.atlas",
	"res/atlas/share/ui/newkb/s4_6/blue.png": "res/atlas/share/ui/newkb/s4_6/blueac315c9c.png",
	"res/atlas/share/ui/newkb/s4_6/yellow.atlas": "res/atlas/share/ui/newkb/s4_6/yellowc8cd0a89.atlas",
	"res/atlas/share/ui/newkb/s4_6/yellow.png": "res/atlas/share/ui/newkb/s4_6/yellowa4ccfe6c.png",
	"share/animation/guzhang.png": "share/animation/guzhang1f3831d2.png",
	"share/animation/guzhang.sk": "share/animation/guzhangf58d027f.sk",
	"share/animation/guzhang2.png": "share/animation/guzhang2d31a2d90.png",
	"share/animation/guzhang2.wav": "share/animation/guzhang2a45c63d0.wav",
	"share/animation/sahua.png": "share/animation/sahuaf7846816.png",
	"share/animation/sahua.sk": "share/animation/sahuab67700a3.sk",
	"share/animation/sahua.wav": "share/animation/sahuabe02376a.wav",
	"share/animation/shengli.wav": "share/animation/shengli4a069a18.wav",
	"share/animation/wandou.png": "share/animation/wandou0554f42a.png",
	"share/animation/wandou.sk": "share/animation/wandou5f14bde9.sk",
	"share/animation/ye.wav": "share/animation/yef01010e5.wav",
	"share/animation/zaixiangxiang.wav": "share/animation/zaixiangxiangf6654d15.wav",
	"share/animation/yee_WAV.wav": "share/animation/yee_WAV658cc5da.wav",
	"share/animation/csm.png": "share/animation/csmca3181f1.png",
	"share/animation/csm.sk": "share/animation/csmf16912c1.sk",
	"share/animation/sgsd.png": "share/animation/sgsd8ab1fe3e.png",
	"share/animation/sgsd.sk": "share/animation/sgsd987804fb.sk",
	"share/animation/sgsd2.png": "share/animation/sgsd2b0e3bddb.png",
	"share/animation/guanglun.png": "share/animation/guanglunfb612add.png",
	"share/animation/guanglun.sk": "share/animation/guanglunbba0807b.sk",
	"share/animation/mianban.png": "share/animation/mianband210b301.png",
	"share/animation/mianban.sk": "share/animation/mianbanb1a4667c.sk",
	"share/rush_bg.jpg": "share/rush_bg7f10d158.jpg",
	"share/animation/taikexi.wav": "share/animation/taikexif99b68bc.wav",
	"share/sound/rush_btn.wav": "share/sound/rush_btna9aed0e5.wav",
	"share/sound/rush_flag.wav": "share/sound/rush_flagd93f45bf.wav",
	"share/sound/rush_tick.wav": "share/sound/rush_tick49b39246.wav",
	"res/atlas/share/ui/JLReview.atlas": "res/atlas/share/ui/JLReviewd1ee7402.atlas",
	"res/atlas/share/ui/JLReview.png": "res/atlas/share/ui/JLReview9f69a774.png",
	"share/sound/jl_sound.wav": "share/sound/jl_sound08bafbf0.wav",
	"res/atlas/share/ui/randomInvite.atlas": "res/atlas/share/ui/randomInvite6f02677c.atlas",
	"res/atlas/share/ui/randomInvite.png": "res/atlas/share/ui/randomInvite551fc7b3.png",
	"res/atlas/share/ui/whiteBoard.atlas": "res/atlas/share/ui/whiteBoard9ba90f4c.atlas",
	"res/atlas/share/ui/whiteBoard.png": "res/atlas/share/ui/whiteBoard9db71eeb.png",
	"share/animation/laohuji.png": "share/animation/laohuji52708298.png",
	"share/animation/laohuji.sk": "share/animation/laohujidc9f5335.sk",
	"GameLoader2.max.js": "GameLoader2.maxb18c2604.js",
	"libs/box2d.js": "libs/box2d2a9f51d3.js",
	"libs/bytebuffer.js": "libs/bytebufferc301aa56.js",
	"libs/domparserinone.js": "libs/domparserinone6030d135.js",
	"libs/laya.bdmini.js": "libs/laya.bdmini422352bc.js",
	"libs/laya.debugtool.js": "libs/laya.debugtool751ab046.js",
	"libs/laya.pathfinding.js": "libs/laya.pathfinding5b8da2fc.js",
	"libs/laya.physics3D.js": "libs/laya.physics3D0b89b83d.js",
	"libs/laya.physics3D.runtime.js": "libs/laya.physics3D.runtimed7a74175.js",
	"libs/laya.physics3D.wasm.js": "libs/laya.physics3D.wasme8530a10.js",
	"libs/laya.physics3D.wasm.wasm": "libs/laya.physics3D3036ccae.wasm.wasm",
	"libs/laya.qqmini.js": "libs/laya.qqminib34b16fa.js",
	"libs/laya.quickgamemini.js": "libs/laya.quickgameminib4d9fcd8.js",
	"libs/laya.vvmini.js": "libs/laya.vvmini1780c5d2.js",
	"libs/laya.wxmini.js": "libs/laya.wxmini898becd7.js",
	"libs/laya.xmmini.js": "libs/laya.xmminicaedf2fe.js",
	"libs/worker.js": "libs/workera3c7f3ba.js",
	"res/atlas/share/ui/homeworkChallenge.atlas": "res/atlas/share/ui/homeworkChallenged132c044.atlas",
	"res/atlas/share/ui/homeworkChallenge.png": "res/atlas/share/ui/homeworkChallengeb0fb8574.png",
	"share/animation/cml.png": "share/animation/cmlc9c10e1c.png",
	"share/animation/cml.sk": "share/animation/cmla24f6741.sk",
	"share/animation/cml.wav": "share/animation/cmlcb6d9a29.wav",
	"share/animation/dlx.wav": "share/animation/dlx6e953354.wav",
	"share/animation/dlxf.png": "share/animation/dlxff3b35f5a.png",
	"share/animation/dlxf.sk": "share/animation/dlxfc6f81ca1.sk",
	"share/animation/dlxf2.png": "share/animation/dlxf29070453f.png",
	"share/animation/hmf.png": "share/animation/hmffb5d2bb3.png",
	"share/animation/hmf.sk": "share/animation/hmfa02e76d6.sk",
	"share/animation/hmf2.png": "share/animation/hmf2db9fada3.png",
	"share/animation/hmxz.wav": "share/animation/hmxz0ba47672.wav",
	"share/animation/mimimao.png": "share/animation/mimimaob510d637.png",
	"share/animation/mimimao.sk": "share/animation/mimimao980affda.sk",
	"share/animation/mimimao2.png": "share/animation/mimimao23f52e0bb.png",
	"share/animation/mmm.wav": "share/animation/mmm93a24d4e.wav",
	"share/animation/pph.png": "share/animation/pph46bd0424.png",
	"share/animation/pph.sk": "share/animation/pph3ada103b.sk",
	"share/animation/pph.wav": "share/animation/pph4094edf5.wav",
	"share/animation/syls.wav": "share/animation/syls6be7a4ae.wav",
	"share/animation/syls45.png": "share/animation/syls4536fe2554.png",
	"share/animation/syls45.sk": "share/animation/syls454cd6d4e6.sk",
	"share/animation/syls452.png": "share/animation/syls452ccb06158.png",
	"share/animation/ldok.png": "share/animation/ldokf055bb41.png",
	"share/animation/ldok.sk": "share/animation/ldok0fdcdc30.sk",
	"share/animation/ld_tbl.wav": "share/animation/ld_tblc45f1a87.wav",
	"share/animation/aiafter1.mp4": "share/animation/aiafter1b6dac3fd.mp4",
	"share/animation/aiafter2.mp4": "share/animation/aiafter2acff6495.mp4",
	"share/animation/beforeLesson01.mp4": "share/animation/beforeLesson01613182fb.mp4",
	"share/animation/beforeLesson02.mp4": "share/animation/beforeLesson02a186f382.mp4",
	"share/animation/game.png": "share/animation/gamef1804c74.png",
	"share/animation/game.sk": "share/animation/game2efe4c05.sk",
	"share/bg_ai.jpg": "share/bg_ai518e1d4f.jpg",
	"share/bg_beforeLesson.jpg": "share/bg_beforeLesson20e0c587.jpg",
	"share/sound/beforeLesson_01.wav": "share/sound/beforeLesson_01a93b744c.wav",
	"share/sound/aimusic.wav": "share/sound/aimusic06f9b550.wav",
	"res/atlas/share/ui/littleTeacher.atlas": "res/atlas/share/ui/littleTeachere80a38ef.atlas",
	"res/atlas/share/ui/littleTeacher.png": "res/atlas/share/ui/littleTeacherfceb52ec.png",
	"share/ui/littleTeacher/bg_lt_hight.jpg": "share/ui/littleTeacher/bg_lt_hight4f97dcb3.jpg",
	"share/ui/littleTeacher/bg_lt_low.jpg": "share/ui/littleTeacher/bg_lt_low633d52d8.jpg",
	"res/atlas/share/ui/state.atlas": "res/atlas/share/ui/statee391e769.atlas",
	"res/atlas/share/ui/state.png": "res/atlas/share/ui/state97614c5a.png"
}